Open,High,Low,Close,Adj Close,Volume
168.49,169.85,167.88,169.68,169.68,55209200
165.19,168.56,165.19,168.41,168.41,64902300
163.06,165.28,162.80,163.76,163.76,45498800
165.19,166.31,163.73,163.77,163.77,48714100
165.00,165.60,163.89,165.33,165.33,41949600
165.05,166.45,164.49,165.02,165.02,58311900
166.09,167.87,165.56,166.65,166.65,52456400
165.80,168.16,165.54,167.63,167.63,47720200
166.10,167.41,165.65,166.47,166.47,49923000
165.09,165.39,164.03,165.23,165.23,41516200
164.59,166.32,163.82,165.21,165.21,49337200
161.63,165.80,161.42,165.56,165.56,68445600
161.22,162.06,159.78,160.10,160.10,50133100
162.35,162.36,160.51,160.80,160.80,47644200
161.42,162.03,160.08,162.03,162.03,47716900
162.43,164.96,162.00,164.66,164.66,45390100
164.74,165.05,161.80,163.76,163.76,51511700
166.60,166.84,165.11,165.63,165.63,46278300
164.27,166.29,164.22,166.17,166.17,56976200
162.44,165.00,161.91,164.90,164.90,68694700
161.53,162.47,161.27,162.36,162.36,49501700
159.37,161.05,159.35,160.77,160.77,51305700
157.97,158.49,155.98,157.65,157.65,45992200
159.94,160.77,157.87,158.28,158.28,52390300
158.86,160.34,157.85,160.25,160.25,59196500
158.83,161.55,157.68,158.93,158.93,67622100
159.30,162.14,157.81,157.83,157.83,75701800
157.32,159.40,156.54,159.28,159.28,73938300
155.07,157.82,154.15,157.40,157.40,73641400
156.08,156.74,154.28,155.00,155.00,98944600
152.16,156.46,151.64,155.85,155.85,76161100
151.19,153.25,149.92,152.99,152.99,77167900
151.28,153.40,150.10,152.59,152.59,73695900
147.81,153.14,147.70,150.47,150.47,84457100
150.21,150.94,147.61,148.50,148.50,68572400
153.56,154.54,150.23,150.59,150.59,53833600
152.81,153.47,151.83,152.87,152.87,47204800
153.70,154.03,151.13,151.60,151.60,56182000
153.79,156.30,153.46,153.83,153.83,87558000
148.04,151.11,147.33,151.03,151.03,70732300
144.38,146.71,143.90,145.91,145.91,52238100
146.83,147.23,145.01,145.31,145.31,55479000
147.05,149.08,146.83,147.41,147.41,50547000
147.71,149.17,147.45,147.92,147.92,44998500
147.11,147.19,145.72,146.71,146.71,55469600
150.09,150.34,147.24,149.40,149.40,48394200
148.87,149.95,147.16,148.91,148.91,51011300
150.20,151.30,148.41,148.48,148.48,58867200
152.35,153.00,150.85,152.55,152.55,59144100
153.51,156.33,153.35,153.71,153.71,68167900
153.11,155.50,152.88,155.33,155.33,65573800
152.12,153.77,150.86,153.20,153.20,61707600
150.95,154.26,150.92,153.85,153.85,62199000
149.46,151.34,149.22,151.01,151.01,57450700
153.78,154.33,150.42,150.87,150.64,56007100
153.88,154.58,151.17,151.92,151.69,64120100
150.64,155.23,150.64,154.65,154.41,83322600
152.57,153.10,150.78,151.73,151.50,69858300
148.03,157.38,147.83,154.50,154.26,154357300
148.90,151.18,148.17,150.82,150.59,118339000
143.97,146.61,141.32,145.43,145.21,77663600
142.70,144.34,142.28,144.29,144.07,65874500
144.96,145.55,142.85,143.00,142.78,64015300
143.16,147.23,143.08,145.93,145.71,70555800
143.17,144.25,141.90,143.96,143.74,54105100
140.89,142.43,138.81,141.86,141.64,65799300
140.31,143.16,140.30,142.53,142.31,66435100
138.12,143.32,137.90,141.11,140.89,81760300
135.28,138.02,134.22,137.87,137.66,80223600
134.08,136.25,133.77,135.27,135.06,58280400
136.82,138.61,135.03,135.21,135.00,69672800
134.83,137.29,134.13,135.94,135.73,63646600
132.03,134.92,131.66,134.76,134.55,57809700
133.88,134.26,131.44,133.41,133.21,71379600
131.25,133.51,130.46,133.49,133.29,69458900
130.26,131.26,128.12,130.73,130.53,63896200
130.47,133.41,129.89,130.15,129.95,70790800
126.01,130.29,124.89,129.62,129.42,87754700
127.13,127.77,124.76,125.02,124.83,80962700
126.89,128.66,125.08,126.36,126.17,89113600
130.28,130.90,124.17,125.07,124.88,112117500
128.41,129.95,127.43,129.93,129.73,77034200
127.99,130.48,127.73,129.61,129.41,75703700
129.67,131.03,125.87,126.04,125.85,85438400
131.38,131.41,128.72,130.03,129.83,69007800
130.92,132.42,129.64,131.86,131.66,63814900
134.35,134.56,130.30,132.23,132.03,77852100
132.98,136.81,132.75,135.45,135.24,85928000
131.39,133.25,129.89,132.30,132.10,77432800
135.11,135.20,131.32,132.37,132.17,79592600
136.69,137.65,133.73,134.51,134.30,160156900
141.11,141.80,136.03,136.50,136.29,98931900
145.35,146.66,141.16,143.21,142.99,82291200
149.50,149.97,144.24,145.47,145.25,93886200
142.70,144.50,141.06,144.49,144.27,70462700
142.34,145.57,140.90,142.16,141.94,76097000
142.36,143.52,141.10,142.65,142.43,62128300
142.19,143.37,140.00,140.94,140.73,69721100
147.07,147.30,141.92,142.91,142.69,64727200
147.77,150.92,145.77,146.63,146.41,68826400
145.96,148.00,145.65,147.81,147.58,65447400
148.21,149.13,146.61,148.31,148.08,71250400
141.40,148.72,140.55,148.03,147.80,111380900
144.29,144.81,140.35,141.17,140.95,83763800
145.14,146.64,143.38,144.22,144.00,69246000
148.31,148.88,147.12,148.11,147.88,35195900
149.45,151.83,149.34,151.07,150.84,58301400
148.13,150.42,146.93,150.18,149.95,51804100
150.16,150.37,147.72,148.01,147.78,58724100
152.31,152.70,149.97,151.29,151.06,74829600
146.43,151.48,146.15,150.72,150.49,80389400
149.13,149.87,147.29,148.79,148.56,64218300
152.22,153.59,148.56,150.04,149.81,89868300
148.97,150.28,147.43,148.28,148.05,73374100
145.82,150.01,144.37,149.70,149.47,93979700
141.24,146.87,139.50,146.87,146.65,118854000
138.50,138.55,134.59,134.87,134.66,74917800
140.41,141.43,137.49,139.50,139.29,89908500
137.11,139.15,135.67,138.92,138.71,83374600
142.09,142.67,134.38,138.38,138.17,140814800
142.06,142.80,138.75,138.88,138.44,97918500
148.95,152.17,145.00,145.03,144.57,93604600
155.08,155.45,149.13,150.65,150.17,80379300
153.16,154.24,151.92,153.34,152.85,97943200
148.20,157.50,147.82,155.74,155.25,164762400
148.07,149.05,144.13,144.80,144.34,109180200
150.96,151.99,148.04,149.35,148.88,88194300
150.09,152.49,149.36,152.34,151.86,74732300
147.19,150.23,146.00,149.45,148.98,75981900
142.87,147.85,142.65,147.27,146.80,86548600
143.02,145.89,142.65,143.39,142.93,64522000
141.69,144.95,141.50,143.86,143.40,61758300
145.49,146.70,140.61,143.75,143.29,99136600
141.07,142.90,140.27,142.41,141.96,85250900
144.31,144.52,138.19,138.38,137.94,88598000
134.99,143.59,134.37,142.99,142.54,113224000
139.13,140.36,138.16,138.34,137.90,70433700
139.90,141.35,138.22,138.98,138.54,77033700
140.42,141.89,138.57,140.42,139.97,74899000
142.54,143.10,139.45,140.09,139.64,85925600
145.81,147.54,145.22,145.43,144.97,68402200
144.07,147.38,143.01,146.40,145.93,79471000
145.03,146.22,144.26,146.10,145.64,87830100
138.21,143.07,137.69,142.45,142.00,114311700
141.28,143.10,138.00,138.20,137.76,124925300
146.10,146.72,140.68,142.48,142.03,128138200
147.64,150.64,144.84,149.84,149.36,146691400
152.74,154.72,149.95,151.76,151.28,84442700
149.66,153.77,149.64,150.77,150.29,93339400
151.19,151.47,148.56,150.43,149.95,96029900
152.38,154.47,150.91,152.74,152.25,86652500
157.34,158.74,153.60,153.72,153.23,101696800
153.40,158.08,153.08,156.90,156.40,107689800
149.31,154.56,149.10,154.48,153.99,81474200
151.21,151.35,148.37,150.70,150.22,162278800
154.65,155.24,151.38,152.37,151.89,90481100
154.79,157.10,153.61,155.31,154.82,87965400
159.90,160.54,153.37,153.84,153.35,122656600
159.59,164.26,159.30,163.43,162.91,104956000
155.47,157.82,154.75,157.37,156.87,68028800
154.64,156.36,152.68,154.46,153.97,84923800
154.82,156.67,153.61,155.96,155.46,87449600
156.47,157.09,153.69,154.53,154.04,73714800
159.75,160.36,154.97,155.81,155.31,76957800
156.64,158.42,154.67,157.96,157.46,74229900
160.31,160.58,157.14,157.22,156.72,87991100
162.13,162.56,157.72,158.91,158.40,77906200
161.15,162.90,159.82,161.38,160.87,73314000
170.57,171.05,163.56,163.62,163.10,78961000
168.78,170.14,168.35,170.03,169.49,51218200
167.32,168.11,166.25,167.53,167.00,53841500
167.08,168.71,166.65,167.23,166.70,54147100
169.69,169.86,167.14,167.57,167.04,69026800
173.03,173.74,171.31,171.52,170.97,70346300
173.75,174.90,173.12,174.15,173.60,62290100
172.77,176.15,172.57,174.55,174.00,79542000
172.78,173.71,171.66,173.03,172.48,56377100
171.52,173.39,171.35,173.19,172.64,54091700
169.82,172.17,169.40,172.10,171.55,68039400
170.06,170.99,168.19,168.49,167.95,57149200
167.68,169.34,166.90,169.24,168.70,70170500
164.02,165.82,163.25,164.92,164.40,63135500
166.37,167.81,164.20,164.87,164.35,60276900
163.21,165.85,163.00,165.35,164.82,56697000
166.01,167.19,164.43,165.81,165.05,55474100
160.84,166.59,160.75,166.13,165.37,82507500
160.10,162.41,159.63,160.01,159.28,59907000
161.01,163.59,160.89,161.51,160.77,67829400
161.24,163.63,159.50,162.51,161.77,101786900
156.98,157.64,154.41,157.35,156.63,81378700
152.58,157.33,152.16,156.79,156.07,78620700
152.26,153.09,150.80,151.60,150.91,55138700
154.01,155.04,152.28,152.95,152.25,53623900
155.39,156.28,153.41,154.09,153.39,66675400
154.50,155.57,151.94,155.35,154.64,65086600
151.12,153.72,150.37,153.04,152.34,64823400
147.92,151.23,146.91,151.00,150.31,82982400
150.74,151.57,146.70,147.07,146.40,81420900
149.78,150.86,148.20,150.17,149.49,76259900
144.08,148.95,143.25,148.47,147.79,78140700
142.99,146.45,142.12,145.49,144.83,71185600
145.76,148.45,145.05,145.86,145.19,77588800
145.67,146.64,143.78,144.87,144.21,63141600
145.26,147.55,145.00,147.04,146.37,64547800
143.29,146.55,143.28,146.35,145.68,66253700
141.35,144.12,141.08,142.92,142.27,74064300
137.77,141.61,136.93,141.56,140.91,73353800
136.04,139.04,135.66,138.93,138.30,71051600
137.25,138.37,133.77,136.72,136.10,98964500
137.46,140.67,136.67,139.23,138.60,66242400
142.13,143.42,137.32,137.44,136.81,67083400
142.70,143.49,140.97,141.66,141.01,70207900
139.90,141.91,139.77,141.66,141.01,89116800
136.82,138.59,135.63,138.27,137.64,72433800
134.79,137.76,133.91,135.35,134.73,73409200
133.42,137.06,133.32,135.87,135.25,81000500
130.07,133.08,129.81,131.56,130.96,134520300
132.08,132.39,129.04,130.06,129.47,108123900
134.29,137.34,132.16,135.43,134.81,91533000
133.13,133.89,131.48,132.76,132.15,84784300
132.87,135.20,131.44,131.88,131.28,122207100
140.28,140.76,137.06,137.13,136.50,91437900
147.08,147.95,142.53,142.64,141.99,69473000
148.58,149.87,147.46,147.96,147.29,53950200
144.35,149.00,144.10,148.71,148.03,67808200
147.03,148.57,144.90,146.14,145.47,71598400
146.90,147.97,144.46,145.38,144.72,88570300
147.83,151.27,146.86,151.21,150.52,72348100
149.90,151.74,147.68,148.71,148.03,74286600
149.07,150.66,146.84,148.84,148.16,103718400
145.39,149.68,145.26,149.64,148.96,90978500
137.39,144.34,137.14,143.78,143.12,90601500
138.43,141.79,138.34,140.52,139.88,92482700
140.81,141.97,137.33,140.36,139.72,104132700
137.79,143.26,137.65,143.11,142.46,117726300
139.09,140.70,132.61,137.59,136.96,137426100
139.88,141.66,136.60,137.35,136.72,136095600
146.85,147.36,139.90,140.82,140.18,109742900
148.86,149.77,146.68,149.24,148.56,78336300
145.55,147.52,144.18,145.54,144.88,86643800
144.59,148.10,143.11,147.11,146.44,113990900
142.77,146.20,138.80,142.56,141.91,182602000
153.50,155.45,145.81,146.50,145.83,142689800
155.52,156.74,152.93,154.51,153.81,115366700
154.93,155.83,151.49,152.06,151.37,131577900
156.01,159.44,154.18,157.28,156.56,116124600
163.85,164.08,154.95,156.77,155.83,130525300
159.67,166.48,159.26,166.02,165.02,108256500
158.15,160.71,156.32,159.48,158.52,88966500
156.71,158.23,153.27,157.96,157.01,123055300
161.84,166.20,157.25,157.65,156.70,131747600
159.25,164.52,158.93,163.64,162.65,130216800
155.91,159.79,155.38,156.57,155.63,88063200
162.25,162.34,156.72,156.80,155.86,95623200
161.12,163.17,158.46,162.88,161.90,96046400
166.46,167.87,161.50,161.79,160.82,84882400
168.91,171.53,165.91,166.42,165.42,87227800
168.76,168.88,166.10,167.23,166.22,67929800
165.02,167.82,163.91,167.40,166.39,67723800
163.92,166.60,163.57,165.07,164.08,69023900
170.62,171.27,165.04,165.29,164.29,75329400
167.39,171.04,166.77,170.40,169.37,70618900
168.02,169.87,166.64,167.66,166.65,79265200
168.71,169.03,165.50,165.75,164.75,72246700
171.78,171.78,169.20,170.09,169.07,76575500
171.16,173.36,169.85,172.14,171.10,77594700
172.36,173.63,170.13,171.83,170.80,89058800
177.50,178.30,174.42,175.06,174.01,73401800
174.57,178.49,174.44,178.44,177.37,76468400
174.03,174.88,171.94,174.31,173.26,78751300
177.84,178.03,174.40,174.61,173.56,103049300
178.55,179.61,176.70,177.77,176.70,92633200
176.69,179.01,176.34,178.96,177.88,100589400
172.17,175.73,172.00,175.60,174.54,90371900
173.88,175.28,172.75,174.72,173.67,80546200
171.06,174.14,170.21,174.07,173.02,90131400
167.99,172.64,167.65,170.21,169.19,98062700
165.51,169.42,164.91,168.82,167.80,81532000
163.51,166.35,163.01,165.38,164.38,95811400
160.51,164.48,159.76,163.98,162.99,123511700
158.61,161.00,157.63,160.62,159.65,75615400
157.05,160.00,154.46,159.59,158.63,102300200
150.90,155.57,150.38,155.09,154.16,92964300
151.45,154.12,150.10,150.62,149.71,108732100
158.93,159.28,154.50,154.73,153.80,96970100
160.20,160.39,155.98,158.52,157.57,105342000
161.48,163.41,159.41,162.95,161.97,91454900
158.82,162.88,155.80,157.44,156.49,131148300
163.36,165.02,159.04,159.30,158.34,96418800
164.49,165.55,162.10,163.17,162.19,83737200
168.47,168.91,165.55,166.23,165.23,76678400
164.39,167.36,162.95,166.56,165.56,79724800
164.70,166.60,161.97,163.20,162.22,83474400
163.06,165.42,162.43,165.12,164.13,95056600
163.84,165.12,160.87,164.85,163.86,91974200
152.58,162.85,152.00,162.74,161.76,141147500
165.54,166.15,159.75,160.07,159.11,90009200
164.98,166.69,162.15,164.32,163.33,91162800
169.82,170.54,166.19,167.30,166.29,82772700
171.03,171.91,168.47,168.88,167.86,69589300
171.85,173.34,170.05,172.55,171.51,61177400
170.97,172.95,170.25,172.79,171.75,62527400
167.37,169.58,166.56,168.88,167.86,86185500
172.33,173.08,168.04,168.64,167.62,98670700
174.14,175.48,171.55,172.12,171.08,90865900
176.05,176.65,174.90,176.28,175.22,71285000
171.73,175.35,171.43,174.83,173.78,74829200
172.86,173.95,170.95,171.66,170.63,77251200
171.68,174.10,170.68,172.39,171.35,82465400
174.48,176.24,172.12,172.90,171.64,89418100
174.75,175.88,173.33,175.84,174.56,84914300
174.01,174.84,172.31,174.61,173.34,86213900
170.16,175.00,169.51,174.78,173.51,115541600
165.71,170.35,162.80,170.33,169.09,179935700
162.45,163.84,158.28,159.22,158.06,121954600
163.50,164.39,157.82,159.69,158.53,108275300
158.98,162.76,157.02,159.78,158.62,115798400
160.02,162.30,154.70,161.62,160.44,162294600
164.42,166.33,162.30,162.41,161.23,122848900
166.98,169.68,164.18,164.51,163.31,91420500
170.00,171.08,165.94,166.23,165.02,94815000
171.51,172.54,169.41,169.80,168.56,90956700
171.34,173.78,171.09,173.07,171.81,80440800
175.78,176.62,171.79,172.19,170.94,84505800
176.12,177.18,174.82,175.53,174.25,74805200
172.32,175.18,170.82,175.08,173.80,76138300
169.08,172.50,168.17,172.19,170.94,106765600
172.89,174.14,171.03,172.17,170.92,86709100
172.70,175.30,171.64,172.00,170.75,96904000
179.61,180.17,174.64,174.92,173.65,94537600
182.63,182.94,179.12,179.70,178.39,99310400
177.83,182.88,177.71,182.01,180.68,104487900
178.09,179.23,177.26,177.57,176.28,64062300
179.47,180.57,178.09,178.20,176.90,59773000
179.33,180.63,178.14,179.38,178.07,62348900
180.16,181.33,178.53,179.29,177.98,79144300
177.09,180.42,177.07,180.33,179.02,74919600
175.85,176.85,175.27,176.28,175.00,68356600
173.04,175.86,172.15,175.64,174.36,92135300
171.56,173.20,169.12,172.99,171.73,91185900
168.28,170.58,167.46,169.75,168.51,107499100
169.93,173.47,169.69,171.14,169.89,195432700
179.28,181.14,170.75,172.26,171.00,150185800
175.11,179.50,172.31,179.30,177.99,131063300
175.25,177.74,172.21,174.33,173.06,139380400
181.12,182.13,175.53,175.74,174.46,153237000
175.21,179.63,174.69,179.45,178.14,115402700
174.91,176.75,173.92,174.56,173.29,108923700
172.13,175.96,170.70,175.08,173.80,116998900
169.08,171.58,168.34,171.18,169.93,120405400
164.29,167.88,164.28,165.32,164.12,107497000
164.02,164.96,159.72,161.84,160.66,118023100
158.74,164.20,157.80,163.76,162.57,136739200
167.48,170.30,164.53,164.77,163.57,152052500
159.99,165.52,159.92,165.30,164.10,174048100
159.37,161.19,158.79,160.24,159.07,88748200
159.57,160.45,156.36,156.81,155.67,76959800
160.75,162.14,159.64,161.94,160.76,69463600
161.12,161.80,159.06,161.41,160.23,96041900
161.68,165.70,161.00,161.02,159.85,117467900
157.65,161.02,156.53,160.55,159.38,117305600
153.71,158.67,153.05,157.87,156.72,137827700
151.00,155.00,150.99,153.49,152.37,88807000
149.94,151.49,149.34,151.00,149.90,59256200
150.37,151.88,149.43,150.00,148.91,59222800
148.43,150.40,147.48,149.99,148.90,63804000
148.96,149.43,147.68,147.87,146.79,41000000
150.02,150.13,147.85,147.92,146.84,65187100
150.20,151.43,150.06,150.81,149.71,56787900
151.41,151.57,150.16,150.44,149.34,55020900
151.89,152.20,150.06,151.28,150.18,65463900
151.58,152.43,150.64,150.96,149.64,60394600
150.39,151.97,149.82,151.49,150.17,54511500
148.66,151.57,148.65,150.02,148.71,69122000
148.99,149.70,147.80,148.96,147.66,74588300
147.22,149.94,146.41,149.80,148.49,124953200
149.82,153.17,149.72,152.57,151.24,100077900
149.36,149.73,148.49,148.85,147.55,56094900
149.33,150.84,149.01,149.32,148.02,60893400
148.68,149.37,147.62,148.64,147.34,50720600
149.69,150.18,148.64,148.69,147.39,58883400
148.81,149.64,147.87,149.48,148.17,61421000
148.70,149.75,148.12,149.26,147.96,58418800
147.01,149.17,146.55,148.76,147.46,76378900
143.45,146.84,143.16,146.55,145.27,85589200
143.77,144.90,143.51,144.84,143.58,67940300
142.11,143.88,141.51,143.76,142.50,69907100
141.24,141.40,139.20,140.91,139.68,78762700
143.23,143.25,141.04,141.51,140.27,73035900
142.27,144.81,141.81,142.81,141.56,64452200
144.03,144.18,142.56,142.90,141.65,58773200
143.06,144.22,142.72,143.29,142.04,61732700
139.47,142.15,138.37,142.00,140.76,83221100
139.49,142.24,139.36,141.11,139.88,80861100
141.76,142.21,138.27,139.14,137.92,98322000
141.90,142.92,139.11,142.65,141.40,94639600
143.66,144.38,141.28,141.50,140.26,89056700
142.47,144.45,142.03,142.83,141.58,74602000
143.25,144.75,141.69,141.91,140.67,108972300
145.47,145.96,143.82,145.37,144.10,74150700
145.66,147.47,145.56,146.92,145.64,53477900
146.65,147.08,145.64,146.83,145.55,64838200
144.45,146.43,143.70,145.85,144.58,76404300
143.93,144.60,142.78,143.43,142.18,75834000
143.80,144.84,141.27,142.94,141.69,123478900
148.82,148.82,145.76,146.06,144.78,129868800
148.44,148.97,147.22,148.79,147.49,68034100
148.56,149.44,146.37,149.03,147.73,83281300
150.35,151.07,146.91,148.12,146.83,109296300
150.63,151.42,148.75,149.55,148.24,102404300
155.00,155.48,148.70,148.97,147.67,140893200
155.49,156.11,153.95,154.07,152.72,57305700
156.98,157.04,153.98,155.11,153.76,74420200
154.97,157.26,154.39,156.69,155.32,82278300
153.76,154.63,153.09,154.30,152.95,57808700
153.87,154.72,152.40,153.65,152.31,71115500
152.83,154.98,152.34,152.51,151.18,80313700
152.66,152.80,151.29,151.83,150.50,86453100
149.00,153.49,148.61,153.12,151.78,90956700
147.48,148.75,146.83,148.60,147.30,55802400
148.35,149.12,147.51,147.54,146.25,48597200
149.81,150.32,147.80,148.36,147.06,58991300
149.45,150.86,149.15,149.62,148.31,48606400
148.31,150.19,147.89,149.71,148.40,60131800
147.44,148.50,146.78,148.19,146.90,60549600
145.03,148.00,144.50,146.70,145.42,86960300
149.80,150.72,146.15,146.36,145.08,86326000
150.23,151.68,149.09,150.19,148.88,92229700
148.54,151.19,146.47,151.12,149.80,103296000
148.97,149.44,148.27,149.10,147.80,59375000
146.19,149.05,145.84,148.89,147.59,72282600
146.05,146.72,145.53,145.86,144.59,48493500
146.44,147.71,145.30,145.60,144.33,69023100
146.20,146.70,145.52,146.09,144.81,48908700
146.35,147.11,145.63,146.14,144.86,54126800
146.98,147.84,146.17,147.06,145.56,46397700
147.27,147.79,146.28,146.95,145.45,56368300
145.81,148.04,145.18,147.36,145.85,64786600
146.36,146.95,145.25,145.52,144.03,62880000
144.38,146.33,144.11,145.86,144.37,70440600
144.69,146.55,144.58,145.64,144.15,56699500
144.81,146.97,142.54,144.98,143.50,118931200
149.12,149.21,145.55,146.77,145.27,104818600
148.27,149.83,147.70,148.99,147.47,72434100
147.55,148.72,146.92,148.56,147.04,71447400
145.94,148.20,145.81,146.80,145.30,77338200
145.53,146.13,144.63,145.40,143.91,74993500
143.46,147.10,142.96,146.15,144.66,96350000
143.75,144.07,141.67,142.45,140.99,121434600
148.46,149.76,145.88,146.39,144.89,93251400
149.24,150.00,147.09,148.48,146.96,106820300
148.10,149.57,147.68,149.15,147.63,127050800
144.03,147.46,143.63,145.64,144.15,100827100
146.21,146.32,144.00,144.50,143.02,76299700
142.75,145.65,142.65,145.11,143.63,99890800
141.58,144.06,140.67,143.24,141.78,105575500
143.54,144.89,142.66,144.57,143.09,104911600
140.07,143.15,140.07,142.02,140.57,108181800
137.90,140.00,137.75,139.96,138.53,78852600
136.60,137.33,135.76,137.27,135.87,52485800
136.17,137.41,135.87,136.96,135.56,63261400
134.80,136.49,134.35,136.33,134.94,64556100
133.41,135.25,133.35,134.78,133.40,62111300
133.46,133.89,132.81,133.11,131.75,70783700
134.45,134.64,132.93,133.41,132.05,68711000
133.77,134.32,133.23,133.70,132.33,60214200
132.13,134.08,131.62,133.98,132.61,74783600
130.30,132.41,129.21,132.30,130.95,79663300
130.71,131.51,130.24,130.46,129.13,108953300
129.80,132.55,129.65,131.79,130.44,96721700
130.37,130.89,128.46,130.15,128.82,91815000
129.94,130.60,129.39,129.64,128.32,62746300
127.82,130.54,127.07,130.48,129.15,96906500
126.53,127.44,126.10,127.35,126.05,53522400
127.02,128.19,125.94,126.11,124.82,71186400
127.21,127.75,126.52,127.13,125.83,56877900
126.60,128.46,126.21,126.74,125.45,74403800
126.17,126.32,124.83,125.90,124.61,71057600
124.07,126.16,123.85,125.89,124.60,75169300
124.68,124.85,123.13,123.54,122.28,76229200
124.28,125.24,124.05,125.06,123.78,59278900
125.08,125.35,123.94,124.28,123.01,67637100
125.57,125.80,124.55,124.61,123.34,71311100
126.44,127.64,125.08,125.28,124.00,94625600
126.96,127.39,126.42,126.85,125.55,56575900
127.82,128.32,126.32,126.90,125.60,72009500
126.01,127.94,125.94,127.10,125.80,63092900
127.82,128.00,125.21,125.43,124.15,79295400
125.23,127.72,125.10,127.31,126.01,76857100
123.16,124.92,122.86,124.69,123.42,92612000
126.56,126.99,124.78,124.85,123.57,63342900
126.82,126.93,125.17,126.27,124.98,74244600
126.25,127.89,125.85,127.45,126.15,81918000
124.58,126.15,124.26,124.97,123.69,105861300
123.40,124.64,122.25,122.77,121.52,112172300
123.50,126.27,122.77,125.91,124.62,126142800
129.41,129.54,126.81,126.85,125.55,88071200
130.85,131.26,129.48,130.21,128.88,78973300
127.89,129.75,127.13,129.74,128.20,78128300
129.20,130.45,127.97,128.10,126.58,84000900
131.19,131.49,126.70,127.85,126.33,137564700
132.04,134.07,131.83,132.54,130.96,75135100
131.78,133.56,131.07,131.46,129.90,109839500
136.47,137.07,132.45,133.48,131.89,151101000
134.31,135.02,133.08,133.58,131.99,107760100
135.01,135.41,134.11,134.39,132.79,66015800
134.83,135.06,133.56,134.72,133.12,66905100
132.16,135.12,132.16,134.32,132.72,78657500
133.04,134.15,131.41,131.94,130.37,84566500
132.36,133.75,131.30,133.50,131.91,68847100
135.02,135.53,131.81,133.11,131.53,94812300
133.51,135.47,133.34,134.84,133.24,94264200
134.30,134.67,133.28,134.16,132.56,84922400
133.82,135.00,133.64,134.50,132.90,89347100
134.94,135.00,131.66,132.03,130.46,87222800
132.44,134.66,131.93,134.43,132.83,91266500
132.52,132.85,130.63,131.24,129.68,91420000
129.80,133.04,129.47,133.00,131.42,106686700
128.95,130.39,128.52,130.36,128.81,88844600
125.83,127.92,125.14,127.90,126.38,83466700
126.50,127.13,125.65,126.21,124.71,80171300
123.87,126.16,123.07,125.90,124.40,88651200
123.66,124.18,122.49,123.00,121.54,75089100
121.65,123.52,121.15,122.15,120.70,118323800
120.11,120.40,118.86,119.90,118.47,85671900
121.65,122.58,120.73,121.39,119.95,80819200
120.35,121.48,118.92,121.21,119.77,94071200
119.54,121.66,119.00,120.59,119.16,98844700
122.82,122.90,120.07,120.09,118.66,88530500
123.33,124.24,122.14,122.54,121.08,95467100
120.33,123.87,120.26,123.39,121.92,111912300
119.90,121.43,119.68,119.99,118.56,185549500
122.88,123.18,120.32,120.53,119.10,121229700
124.05,125.86,122.34,124.76,123.28,111932600
125.70,127.22,124.72,125.57,124.08,115227900
121.41,124.00,120.42,123.99,122.52,92403800
120.40,121.17,119.16,121.03,119.59,88105100
122.54,123.21,121.26,121.96,120.51,103026500
121.69,122.17,119.45,119.98,118.55,111943300
119.03,122.06,118.79,121.09,119.65,129525800
120.93,121.00,116.21,116.36,114.98,154376600
120.98,121.94,117.57,121.42,119.98,153766600
121.75,123.60,118.62,120.13,118.70,178155000
124.81,125.71,121.84,122.06,120.61,112966300
128.41,128.72,125.01,125.12,123.63,102260900
123.75,127.93,122.79,127.79,126.27,116307900
122.59,124.85,121.20,121.26,119.82,164560400
124.68,126.46,120.54,120.99,119.55,148199500
124.94,125.56,122.23,125.35,123.86,111039900
123.76,126.71,118.39,125.86,124.36,158273000
128.01,129.72,125.60,126.00,124.50,103916400
130.24,130.71,128.80,129.87,128.33,87668800
129.20,130.00,127.41,129.71,128.17,96856700
131.25,132.22,129.47,130.84,129.28,97918500
135.49,136.01,132.79,133.19,131.61,80576300
134.35,135.53,133.69,135.37,133.76,60145100
135.90,136.39,133.77,135.13,133.52,64280000
136.48,136.99,134.40,135.39,133.78,73046600
136.62,137.88,135.85,136.01,134.39,76774200
136.03,136.96,134.92,136.91,135.28,71297200
137.35,137.42,135.86,136.76,135.13,75693800
136.30,137.40,134.59,137.39,135.55,84183100
135.76,135.77,133.61,133.94,132.15,89880900
135.73,136.31,134.61,134.99,133.19,83305400
133.75,135.38,130.93,134.14,132.35,106239800
135.83,136.74,130.21,131.96,130.20,177523800
139.52,141.99,136.70,137.09,135.26,142621100
143.43,144.30,140.41,142.06,140.16,140843800
143.60,144.30,141.37,143.16,141.25,98390600
143.07,145.09,136.54,142.92,141.01,157611700
136.28,139.85,135.02,139.07,137.21,114459400
133.80,139.67,133.59,136.87,135.04,120150900
128.66,132.49,128.55,132.03,130.26,104319500
127.78,128.71,126.94,127.83,126.12,90757300
128.78,130.22,127.00,127.14,125.44,111598500
130.80,131.00,128.76,128.91,127.19,90221800
128.76,131.45,128.49,130.89,129.14,88636800
128.50,129.69,126.86,128.80,127.08,91951100
129.19,130.17,128.50,128.98,127.26,100384500
132.43,132.63,130.23,132.05,130.28,105158200
128.36,131.63,127.86,130.92,129.17,109578200
127.72,131.05,126.38,126.60,124.91,155088000
128.89,131.74,128.43,131.01,129.26,97664900
133.52,133.61,126.76,129.41,127.68,143301900
134.08,134.74,131.72,132.69,130.92,99116600
135.58,135.99,133.40,133.72,131.93,96452100
138.05,138.79,134.34,134.87,133.07,121047300
133.99,137.34,133.51,136.69,134.86,124486200
131.32,133.46,131.10,131.97,130.21,54930100
132.16,132.43,130.78,130.96,129.21,88223700
131.61,134.41,129.65,131.88,130.12,168904800
125.02,128.31,123.45,128.23,126.52,121251600
128.96,129.10,126.12,126.66,124.97,192541500
128.90,129.58,128.04,128.70,126.98,94359800
127.41,128.37,126.56,127.81,126.10,98208600
124.34,127.90,124.13,127.88,126.17,157243700
122.60,123.35,121.54,121.78,120.15,79184500
122.43,122.76,120.55,122.41,120.77,86939800
120.50,123.87,120.15,123.24,121.59,81312200
124.53,125.95,121.00,121.78,120.15,115089200
124.37,124.98,123.09,124.38,122.72,82225500
122.31,124.57,122.25,123.75,122.10,86712000
122.60,122.86,121.52,122.25,120.62,78260400
123.52,123.78,122.21,122.94,121.30,78967600
122.02,123.37,120.89,123.08,121.43,89004200
121.01,123.47,120.01,122.72,121.08,127728200
116.97,120.97,116.81,119.05,117.46,169410200
116.57,117.49,116.22,116.59,115.03,46691300
115.55,116.75,115.17,116.03,114.48,76499200
113.91,115.85,112.59,115.17,113.63,113874200
117.18,117.62,113.75,113.85,112.33,127959300
118.64,118.77,117.29,117.34,115.77,73604300
117.59,119.06,116.81,118.64,117.05,74113000
118.61,119.82,118.00,118.03,116.45,76322100
119.55,120.67,118.96,119.39,117.79,74271000
118.92,120.99,118.15,120.30,118.69,91183000
119.44,119.67,117.87,119.26,117.67,81581900
119.62,120.53,118.57,119.21,117.62,103162300
117.19,119.63,116.44,119.49,117.89,112295000
115.55,117.59,114.13,115.97,114.42,138023400
120.50,121.99,116.05,116.32,114.76,154515300
118.32,119.20,116.13,118.69,117.10,114457900
117.95,119.62,116.87,119.03,117.24,126387100
114.14,115.59,112.35,114.95,113.22,138235500
109.66,111.49,108.73,110.44,108.78,107624400
109.11,110.68,107.32,108.77,107.13,122866900
111.06,111.99,107.72,108.86,107.22,190272600
112.37,116.93,112.20,115.32,113.58,146129200
115.05,115.43,111.10,111.20,109.52,143937800
115.49,117.28,114.54,116.60,114.84,92276800
114.01,116.55,112.88,115.05,113.32,111850700
116.39,116.55,114.28,115.04,113.31,82572600
117.45,118.04,114.59,115.75,114.01,101988000
116.67,118.71,116.45,116.87,115.11,89946000
116.20,118.98,115.63,117.51,115.74,124423700
119.96,120.42,115.66,115.98,114.23,120639300
121.28,121.55,118.81,119.02,117.23,115393800
118.72,121.20,118.15,120.71,118.89,112559200
121.00,123.03,119.62,121.19,119.36,150712000
125.27,125.39,119.65,121.10,119.28,262330500
120.06,125.18,119.28,124.40,122.53,240226800
115.28,117.00,114.92,116.97,115.21,100506900
116.25,116.40,114.59,114.97,113.24,83477200
114.62,115.55,114.13,115.08,113.35,96849000
115.70,116.12,112.25,113.16,111.45,161498200
113.91,116.65,113.55,116.50,114.74,106243800
112.89,115.37,112.22,113.02,111.32,144712000
117.64,117.72,115.83,116.79,115.03,116120400
113.79,117.26,113.62,115.81,114.07,142675200
114.55,115.31,113.57,114.09,112.37,99382200
115.01,115.32,112.78,114.96,113.23,137672400
108.43,112.44,107.67,112.28,110.59,149981400
105.17,110.25,105.00,108.22,106.59,167743300
111.62,112.11,106.77,107.12,105.51,150718700
112.68,112.86,109.16,111.81,110.13,183055400
104.54,110.19,103.10,110.08,108.42,195713800
110.40,110.88,106.09,106.84,105.23,287104900
109.72,112.20,108.71,110.34,108.68,178011000
115.23,116.00,112.04,112.13,110.44,154679000
118.33,118.83,113.61,115.54,113.80,184642000
114.72,115.93,112.80,115.36,113.62,140150100
114.57,115.23,110.00,112.00,110.31,180860300
120.36,120.50,112.50,113.49,111.78,182274400
117.26,119.14,115.26,117.32,115.55,176940500
113.95,118.99,112.68,112.82,111.12,231366600
120.07,123.70,110.89,120.96,119.14,332607200
126.91,128.84,120.50,120.88,119.06,257599600
137.59,137.98,127.00,131.40,129.42,200119000
132.76,134.80,130.53,134.18,132.16,151948100
127.58,131.00,126.00,129.04,127.10,225702700
126.01,126.44,124.58,124.81,122.93,187630000
127.14,127.49,123.83,125.01,123.13,155552400
126.18,126.99,125.08,126.52,124.62,163022400
124.70,125.18,123.05,124.82,122.94,211495600
128.70,128.79,123.94,125.86,123.96,345937600
119.26,124.87,119.25,124.37,122.50,338054800
115.75,118.39,115.73,118.28,116.49,126907200
115.98,117.16,115.61,115.71,113.96,145538000
114.35,116.00,114.01,115.56,113.82,105633600
116.06,116.09,113.96,114.61,112.88,119561600
114.83,115.00,113.04,114.91,113.18,165565200
114.43,116.04,113.93,115.01,113.28,210082000
110.50,113.28,110.30,113.01,111.31,165598000
111.97,112.48,109.11,109.38,107.73,187902400
112.60,113.78,110.00,112.73,111.03,212403600
113.21,113.68,110.29,111.11,109.44,198045600
110.40,114.41,109.80,113.90,111.98,202428800
109.38,110.39,108.90,110.06,108.21,121776800
109.13,110.79,108.39,109.67,107.82,173071600
108.20,111.64,107.89,108.94,107.10,308151200
102.89,106.42,100.82,106.26,104.47,374336800
94.19,96.30,93.77,96.19,94.57,158130000
93.75,95.23,93.71,95.04,93.44,90329200
94.37,94.55,93.25,93.25,91.68,103625600
93.71,94.90,93.48,94.81,93.21,121214000
90.99,92.97,89.14,92.61,91.06,185438800
97.00,97.08,92.01,92.85,91.28,197004400
96.69,97.97,96.60,97.27,95.63,89001600
99.17,99.25,96.74,97.00,95.37,103433200
96.42,98.50,96.06,98.36,96.70,90318000
96.99,97.15,95.84,96.33,94.71,92186800
96.56,97.40,95.90,96.52,94.90,110577600
98.99,99.25,96.49,97.72,96.08,153198000
94.84,97.25,93.88,97.06,95.42,170989200
97.26,99.96,95.26,95.48,93.87,191649200
95.33,95.98,94.71,95.92,94.30,90257200
96.26,96.32,94.67,95.75,94.14,125642800
94.18,95.38,94.09,95.34,93.74,117092000
93.85,94.65,93.06,93.17,91.60,112424400
92.50,93.95,92.47,93.46,91.89,118655600
91.96,92.62,90.91,91.03,89.49,114041600
91.28,91.84,90.98,91.03,89.49,110737200
90.02,91.50,90.00,91.20,89.66,140223200
88.31,90.54,87.82,90.45,88.92,130646000
91.10,91.33,88.25,88.41,86.92,205256800
90.18,91.25,89.39,91.21,89.67,137522400
91.25,92.20,89.63,90.01,88.50,192623200
91.00,93.10,90.57,91.63,90.09,212155600
87.83,89.86,87.79,89.72,88.21,135445200
88.66,89.14,86.29,87.43,85.96,264476000
87.85,88.36,87.31,87.93,86.45,96820400
88.79,88.85,87.77,87.90,86.42,114406400
87.86,88.30,86.18,88.02,86.54,165428800
83.31,86.42,83.14,85.75,84.30,138808800
86.18,86.95,83.56,84.70,83.27,200146000
87.33,87.76,83.87,83.97,82.56,201662400
86.97,88.69,86.52,88.21,86.72,166651600
83.04,86.40,83.00,86.00,84.55,147712400
82.56,83.40,81.83,83.36,81.96,95654400
80.84,82.94,80.81,82.88,81.48,137250400
81.10,81.40,80.20,80.58,79.22,87560400
81.17,81.55,80.57,81.28,79.91,104491200
80.19,80.86,79.73,80.83,79.47,87642800
79.44,80.59,79.30,80.46,79.11,80791200
79.81,80.29,79.12,79.49,78.15,153532400
79.19,80.86,78.91,79.56,78.22,133560800
79.04,79.68,78.27,79.53,78.19,112945200
80.88,81.06,79.13,79.18,77.85,125522000
78.94,79.81,78.84,79.72,78.38,81803200
79.67,80.22,78.97,79.21,77.88,102688800
79.17,79.88,79.13,79.81,78.46,111504800
78.76,79.63,78.25,78.29,76.97,101729600
78.29,79.13,77.58,78.74,77.41,135178400
75.09,76.97,75.05,76.93,75.63,166348400
76.13,77.45,75.38,77.39,76.08,158929200
78.04,78.99,75.80,76.91,75.62,200622400
79.46,79.92,77.73,77.85,76.54,162301200
77.03,79.26,76.81,78.75,77.43,145946400
76.41,77.59,76.07,77.53,76.23,133838400
75.81,76.29,75.49,75.93,74.45,115215200
75.11,75.81,74.72,75.16,73.69,142333600
73.76,75.25,73.61,74.39,72.94,147751200
72.29,73.42,71.58,73.29,71.86,133568000
71.56,74.75,71.46,72.27,70.86,240616800
72.49,73.63,72.09,73.45,72.02,183064000
71.18,72.42,70.97,71.93,70.53,137280800
71.27,71.46,69.55,69.64,68.29,112004800
70.45,71.14,69.99,70.79,69.41,117087600
69.30,70.75,69.25,70.74,69.36,126161200
68.97,70.44,68.72,68.76,67.42,124814400
68.40,69.47,68.05,69.03,67.68,116862400
69.07,69.31,66.36,67.09,65.78,180991600
69.49,70.42,69.21,69.23,67.88,130015200
71.17,71.74,69.21,70.70,69.32,215250000
71.85,72.05,70.59,71.67,70.28,157125200
70.60,71.58,70.16,71.11,69.72,131154400
70.00,72.06,69.51,71.76,70.36,194994800
67.08,68.43,66.46,68.31,66.98,131022800
67.18,67.52,66.18,67.00,65.69,161834800
65.68,66.84,65.31,66.52,65.22,168895200
67.70,67.93,64.75,64.86,63.59,202887200
62.72,65.78,62.35,65.62,64.34,201820400
60.70,61.42,59.74,60.35,59.18,129880000
60.08,61.29,59.22,61.23,60.04,165934000
61.63,62.18,59.78,60.23,59.05,176218400
63.90,65.62,63.00,63.57,62.33,197002000
62.69,63.88,62.35,63.70,62.46,167976400
63.19,63.97,61.76,61.94,60.73,204216800
61.63,64.67,61.59,64.61,63.35,252087200
62.69,64.56,61.08,61.38,60.18,303602000
59.09,61.92,58.58,61.72,60.52,287531200
57.02,57.13,53.15,56.09,55.00,336752800
61.79,62.96,57.00,57.31,56.19,401693200
61.85,63.21,60.65,61.20,60.00,271857200
59.94,62.50,59.28,61.67,60.47,300233600
61.88,64.40,59.60,63.22,61.98,324056000
60.49,64.77,60.00,60.55,59.37,322423600
66.22,69.98,63.24,69.49,68.14,370732000
63.99,67.50,62.00,62.06,60.85,418474000
69.35,70.31,67.96,68.86,67.52,255598800
69.29,71.61,67.34,71.33,69.94,285290000
65.94,69.52,65.75,66.54,65.25,286744800
70.50,72.71,70.31,72.26,70.85,226176800
73.88,74.89,72.85,73.23,71.80,187572800
74.11,75.85,73.28,75.68,74.21,219178400
75.92,76.00,71.45,72.33,70.92,319475600
70.57,75.36,69.43,74.70,73.25,341397200
64.32,69.60,64.09,68.34,67.01,426510000
70.28,71.50,68.24,68.38,67.05,320605600
71.63,74.47,71.63,73.16,71.74,198054800
75.24,75.63,71.53,72.02,70.62,230673600
74.32,76.04,72.31,74.54,73.09,222195200
79.65,80.11,77.63,78.26,76.74,129554000
80.66,81.16,79.55,80.07,78.51,100566000
80.00,81.14,80.00,80.90,79.33,93984000
78.84,79.94,78.65,79.75,78.20,152531200
81.18,81.50,80.71,81.24,79.65,80113600
81.05,81.56,80.84,81.22,79.63,94747600
80.37,81.81,80.37,81.80,80.21,113730400
80.90,80.97,79.68,79.90,78.34,94323200
78.54,80.39,78.46,80.39,78.82,109348800
80.59,80.85,79.50,80.01,78.45,117684000
80.64,81.31,80.07,81.30,79.53,105425600
80.88,81.19,79.74,80.36,78.61,118826800
78.83,79.91,78.41,79.71,77.97,136616400
76.07,78.37,75.56,77.17,75.48,173788400
80.23,80.67,77.07,77.38,75.69,199588400
80.14,81.02,79.69,80.97,79.20,126743200
81.11,81.96,80.35,81.08,79.32,216229200
78.15,79.60,78.05,79.42,77.69,162234000
77.51,77.94,76.22,77.24,75.55,161940000
80.06,80.83,79.38,79.58,77.84,146537600
79.48,79.89,78.91,79.81,78.07,104472000
79.64,80.00,79.33,79.43,77.69,101832400
79.30,79.75,79.00,79.14,77.42,110843200
79.07,79.68,78.75,79.68,77.94,137816400
78.40,78.93,78.02,78.81,77.09,108829200
77.96,78.88,77.39,77.83,76.14,121923600
79.18,79.39,78.04,78.17,76.46,161954400
77.91,79.27,77.79,79.24,77.51,121532000
77.65,78.17,77.06,77.58,75.89,140644800
76.81,77.61,76.55,77.41,75.72,170108400
74.29,76.11,74.29,75.80,74.14,132079200
74.96,75.22,74.37,74.60,72.97,108872000
73.45,74.99,73.19,74.95,73.31,118387200
74.29,75.14,74.13,74.36,72.74,146322800
74.06,75.15,73.80,75.09,73.45,135480400
72.48,73.42,72.38,73.41,71.81,100805600
72.36,73.17,71.31,72.88,71.29,144114400
72.78,73.49,72.03,72.45,70.87,146266000
71.21,72.50,71.18,72.48,70.90,93121200
71.17,71.22,70.73,71.07,69.52,48478800
70.13,71.06,70.09,71.00,69.45,98572000
70.56,70.66,69.64,69.86,68.34,275978000
69.88,70.29,69.74,70.00,68.48,98369200
69.95,70.47,69.78,69.93,68.41,116028400
69.89,70.44,69.70,70.10,68.57,114158400
69.25,70.20,69.25,69.96,68.44,128186000
67.86,68.82,67.73,68.79,67.29,133587600
66.95,68.14,66.83,67.86,66.38,137310400
67.20,67.78,67.13,67.69,66.22,78756800
67.15,67.52,66.46,67.12,65.66,90420400
67.50,67.70,66.23,66.73,65.27,128042400
66.87,67.75,66.82,67.68,66.20,106075600
65.95,66.47,65.68,66.39,64.95,74424400
65.27,65.83,65.17,65.43,64.01,67181600
64.58,64.88,64.07,64.86,63.45,114430400
66.82,67.06,65.86,66.04,64.60,94487200
66.65,67.00,66.47,66.81,65.35,46617600
66.39,67.00,66.33,66.96,65.50,65235600
66.74,66.79,65.63,66.07,64.63,105207600
65.68,66.61,65.63,66.59,65.14,84020400
65.65,65.79,65.21,65.45,64.02,65325200
65.92,66.00,65.29,65.50,64.07,121395200
66.39,66.52,65.10,65.80,64.36,106234400
66.97,67.00,66.35,66.57,65.12,76167200
66.45,66.86,66.06,66.78,65.32,86703200
65.92,66.45,65.75,66.44,64.99,100206400
65.94,66.22,65.53,65.66,64.23,89182800
65.28,66.20,65.27,66.12,64.68,102734400
65.39,65.70,65.23,65.49,64.06,87388800
64.57,65.62,64.57,65.55,64.12,81821200
64.67,65.11,64.21,65.04,63.62,69986400
64.68,65.09,64.53,64.86,63.44,94940400
64.19,64.37,63.84,64.31,62.72,75864400
64.26,64.55,64.08,64.28,62.69,79897600
64.33,64.46,63.85,64.38,62.78,103272000
62.38,63.98,62.29,63.96,62.37,151125200
61.81,62.29,59.31,62.19,60.65,139162000
61.19,61.33,60.30,60.81,59.31,124522000
62.24,62.44,60.64,60.82,59.32,142839600
61.86,62.31,61.68,62.26,60.72,96572800
60.79,61.68,60.72,61.65,60.12,73477200
61.13,61.20,60.45,60.90,59.39,69275200
60.53,60.81,60.31,60.79,59.29,75828800
60.29,60.55,59.90,59.99,58.51,82293600
59.38,60.25,59.33,60.13,58.64,87247200
58.65,59.40,58.57,59.10,57.64,97433600
58.77,59.04,58.38,58.82,57.36,67585200
58.34,58.81,58.30,58.59,57.14,73903200
59.10,59.41,58.72,58.83,57.37,87360000
58.72,59.53,58.67,58.97,57.51,96427600
58.24,59.41,58.08,59.05,57.59,166795600
56.98,57.61,56.83,57.52,56.10,113013600
56.76,56.95,56.41,56.76,55.35,74770400
56.46,57.01,56.08,56.10,54.71,111820000
56.57,57.48,56.46,56.76,55.36,122306000
56.41,56.87,55.97,56.75,55.35,138478800
54.61,55.24,53.78,55.21,53.84,114426000
55.76,55.90,54.48,54.74,53.39,138449200
56.27,57.06,56.05,56.15,54.76,139223200
55.22,56.15,55.20,55.99,54.61,103909600
55.13,55.24,54.32,54.71,53.35,101408000
55.00,55.24,54.71,54.97,53.61,75334000
54.64,55.38,54.29,55.26,53.89,87613600
55.26,55.62,54.30,54.42,53.07,124763200
54.74,54.96,54.41,54.68,53.33,76662000
55.35,55.64,54.37,54.43,53.09,221652400
55.50,55.94,55.09,55.24,53.87,88242400
55.26,55.71,54.86,55.69,54.31,101360000
54.99,55.21,54.78,55.17,53.81,73274800
54.43,55.03,54.39,54.97,53.61,84632400
55.00,55.20,54.26,54.69,53.33,159053200
56.20,56.61,55.72,55.77,54.39,128906800
54.52,55.93,54.43,55.90,54.51,177158400
53.47,54.20,52.93,54.17,52.83,127111600
53.71,54.11,52.77,53.54,52.22,109237600
53.51,53.61,53.13,53.31,52.00,77449200
53.00,53.49,52.88,53.32,52.00,95654800
52.10,52.37,51.83,52.30,51.00,76752400
51.61,51.74,51.06,51.42,50.15,80092000
52.54,52.61,51.80,52.19,50.89,84573600
52.13,52.33,51.67,52.25,50.96,83962000
51.03,51.43,50.83,51.38,50.11,63755200
51.97,52.14,50.88,51.04,49.78,103493200
51.47,51.80,51.26,51.62,50.35,104174400
52.36,53.01,50.25,50.66,49.41,187272000
53.30,53.61,52.69,53.12,51.80,89014800
53.25,53.41,52.90,53.16,51.84,86141600
52.72,53.34,52.58,52.59,51.29,107537200
52.65,53.18,52.51,52.59,51.29,97654400
51.07,51.79,50.96,51.63,50.35,110481600
50.87,51.29,49.92,50.44,49.19,108909600
50.79,51.61,50.65,50.69,49.43,146189600
50.26,53.04,50.12,52.24,50.95,188874000
49.90,50.51,49.79,50.12,48.88,89927600
50.33,50.69,49.82,50.25,49.00,98478800
50.05,50.88,49.85,50.86,49.41,108038000
48.85,49.89,48.46,49.76,48.35,133457600
49.08,49.52,48.51,49.25,47.85,143299200
49.50,49.66,48.15,48.33,46.96,209572000
51.38,51.61,50.41,51.01,49.55,163448400
53.47,54.51,51.69,52.11,50.63,216071600
54.11,55.34,52.83,53.26,51.75,277125600
52.19,52.54,51.83,52.20,50.71,135742800
52.12,52.66,52.11,52.42,50.93,86693600
51.87,52.43,51.79,51.94,50.46,70475600
52.22,52.31,51.68,51.76,50.28,55638400
51.92,52.29,51.79,52.17,50.68,59966400
52.12,52.23,51.82,52.21,50.73,73420800
50.91,51.81,50.90,51.81,50.33,89111600
51.45,51.63,50.59,50.65,49.21,83717200
51.00,51.47,50.92,51.42,49.95,74162400
51.01,51.27,50.82,50.84,49.39,56430000
51.15,51.53,50.88,51.13,49.67,67467200
51.02,51.47,51.00,51.30,49.84,67789600
50.61,51.00,50.55,50.83,49.38,70380800
50.83,51.10,50.43,50.44,49.00,80767200
50.46,50.93,50.39,50.81,49.36,71588400
49.80,50.38,49.70,50.31,48.88,82312000
50.20,50.35,49.60,50.01,48.58,101354400
50.84,51.27,50.72,51.06,49.61,69062000
50.82,51.11,50.67,51.10,49.65,45448000
50.35,50.78,50.34,50.68,49.24,67740800
50.79,51.12,50.16,50.39,48.95,109012000
49.67,49.88,49.26,49.48,48.07,124442400
50.07,50.39,49.89,49.94,48.52,83598800
49.44,50.25,49.34,49.95,48.53,104270000
49.61,49.81,48.82,48.89,47.50,84281200
49.63,50.04,49.54,49.65,48.23,72881600
49.70,50.21,49.54,49.70,48.28,191202400
50.09,50.15,49.51,49.87,48.45,86056000
49.92,49.97,49.33,49.47,48.06,84496800
49.01,50.07,48.80,49.61,48.20,106204000
48.22,48.74,48.04,48.47,47.09,58676400
47.89,48.40,47.58,48.19,46.81,75046000
48.67,49.20,48.40,48.54,47.16,86698400
48.49,48.99,48.35,48.55,47.17,73012800
48.72,49.00,48.40,48.70,47.32,107731600
47.95,48.84,47.90,48.15,46.78,104883600
46.63,47.98,46.44,47.54,46.19,122737600
45.77,46.37,45.54,46.31,44.99,90105200
46.07,46.25,45.29,45.63,44.34,119093600
43.86,44.96,43.63,44.91,43.63,123872000
43.90,44.48,42.57,43.33,42.09,161584400
44.06,44.50,43.75,43.77,42.52,108174400
44.49,44.81,44.17,44.58,43.31,84873600
44.11,44.84,44.00,44.35,43.08,113924800
44.73,45.15,44.48,44.56,43.29,111792800
45.05,45.54,44.65,44.74,43.47,94858800
44.95,45.13,44.45,44.92,43.64,146118800
46.17,46.43,45.64,45.70,44.40,118994400
46.31,47.00,46.17,46.65,45.32,113459200
45.88,46.09,45.07,45.77,44.47,154449200
46.73,47.72,46.69,47.25,45.91,131516400
47.48,48.12,47.21,47.52,46.17,132125600
46.57,47.94,46.51,47.73,46.37,106178800
46.60,47.42,46.35,47.17,45.82,146118800
46.93,47.37,45.71,46.43,45.11,229722400
49.36,49.71,48.19,49.29,47.89,164834800
50.10,50.42,49.17,50.18,48.57,139634400
50.47,51.33,50.44,50.72,49.09,105358000
51.47,51.86,50.21,50.72,49.08,155054800
51.07,52.21,50.88,52.12,50.44,129772400
52.72,52.96,52.56,52.94,51.23,83569600
52.46,53.16,52.03,52.29,50.61,127985200
52.47,53.83,52.31,52.63,50.94,259309200
50.76,50.85,49.78,50.17,48.55,186139600
51.10,51.49,50.97,51.15,49.51,88818800
51.22,51.25,50.53,51.08,49.43,74596400
51.71,51.94,51.28,51.32,49.67,74172800
51.84,52.12,51.76,51.79,50.12,70162400
51.11,51.94,50.97,51.87,50.20,93292000
50.71,51.24,50.58,51.13,49.49,77758000
50.78,51.04,50.63,50.97,49.33,96783200
49.88,50.85,49.65,50.78,49.15,115627200
49.87,50.34,49.64,49.81,48.21,102785600
49.65,49.96,49.50,49.81,48.21,70146400
49.80,50.04,49.05,49.72,48.12,111042800
50.21,50.25,49.61,49.74,48.14,83603200
49.67,50.19,49.54,50.15,48.54,86781200
50.08,50.71,49.81,49.88,48.27,143072800
49.11,50.06,49.08,50.03,48.42,103526800
49.11,49.28,48.98,49.25,47.67,74106400
48.70,49.09,48.29,48.92,47.35,76457200
48.31,49.13,48.29,48.84,47.27,93087200
47.77,48.62,47.76,48.51,46.94,91062800
47.91,47.92,47.10,47.81,46.27,111448000
47.46,47.52,47.13,47.49,45.96,94256000
47.24,47.39,46.88,47.18,45.66,83121600
47.19,47.44,46.64,47.12,45.60,119393600
47.92,48.22,46.15,46.70,45.20,199202000
47.88,47.99,46.65,47.19,45.67,175381200
48.83,49.42,47.70,47.76,46.23,169630800
47.51,49.08,47.45,48.77,47.20,204136800
46.56,47.37,46.18,47.04,45.53,124140800
47.09,47.25,46.48,46.63,45.13,126585600
46.45,47.10,46.45,47.01,45.49,104879200
46.21,46.83,45.94,46.53,45.03,156171600
45.97,46.03,45.64,45.93,44.46,94318000
45.56,45.83,45.23,45.43,43.97,124130000
45.00,45.67,44.84,45.23,43.77,129870400
43.87,44.78,43.84,44.72,43.29,128044000
42.58,43.27,42.38,43.23,41.84,95997600
43.47,43.61,43.01,43.13,41.74,99185600
43.67,43.87,43.49,43.63,42.23,83241600
43.99,44.00,43.63,43.88,42.47,78949600
43.92,44.44,43.49,43.96,42.55,109744800
43.57,43.79,43.22,43.74,42.34,103544800
43.58,43.73,43.23,43.29,41.90,112861600
43.30,43.75,43.18,43.72,42.31,111341600
43.43,43.83,43.29,43.58,42.18,68280800
43.54,43.97,43.49,43.56,42.16,87493600
42.90,43.25,42.85,43.24,41.85,75652800
42.95,43.09,42.58,42.76,41.39,68998800
42.80,43.33,42.75,43.01,41.62,104457600
42.43,42.86,42.37,42.73,41.36,75891200
42.81,42.92,42.44,42.61,41.23,98507200
42.43,42.81,42.35,42.70,41.33,87342800
42.85,43.12,42.48,42.54,41.18,89960800
42.53,42.75,42.42,42.72,41.35,89134000
42.76,42.80,42.31,42.36,41.00,83973600
42.25,42.67,42.11,42.60,41.23,95280000
43.10,43.49,42.58,42.74,41.18,126966800
43.66,43.89,43.21,43.56,41.98,112958400
43.22,43.77,43.09,43.54,41.96,144406400
41.85,42.92,41.82,42.81,41.26,125982000
41.74,42.24,41.48,41.63,40.12,130672400
41.53,42.25,41.14,41.61,40.10,162958400
40.81,41.54,40.06,41.31,39.81,244439200
39.06,39.53,38.53,38.67,37.27,166348800
38.95,39.08,38.42,39.08,37.66,104768400
38.87,39.53,38.58,39.44,38.01,134142000
38.53,38.62,37.94,38.17,36.79,101766000
38.54,38.79,37.92,38.48,37.08,92522400
39.10,39.18,38.15,38.33,36.93,121576000
39.38,39.47,38.99,39.21,37.78,135004000
38.55,39.42,38.31,38.97,37.55,119284800
38.27,38.97,38.25,38.74,37.33,122278800
37.57,38.35,37.51,38.27,36.88,114843600
37.71,37.82,37.31,37.50,36.14,129756800
38.22,38.42,37.88,38.07,36.69,108092800
38.13,38.49,37.72,38.45,37.05,143122800
37.82,38.63,37.41,38.33,36.94,180396400
37.39,37.96,37.13,37.69,36.32,164101200
37.17,37.21,36.47,36.98,35.64,219111200
36.13,37.14,35.95,37.06,35.72,234428400
35.99,36.43,35.50,35.55,34.26,365248800
38.72,39.71,38.56,39.48,38.05,148158800
39.63,39.84,39.12,39.44,38.00,140014000
39.38,39.63,38.64,39.06,37.64,169165600
38.96,39.19,37.52,39.04,37.62,212468400
37.08,39.31,36.68,39.29,37.87,234330000
37.04,37.89,36.65,36.71,35.38,148676800
39.22,39.54,37.41,37.68,36.31,382978400
40.10,40.53,38.83,39.21,37.78,259092000
41.50,41.86,39.77,40.22,38.76,196189200
41.35,41.88,41.10,41.52,40.01,135366000
41.36,42.09,40.68,40.99,39.50,177151600
42.25,42.27,41.32,41.37,39.87,162814800
42.62,43.14,42.39,42.74,41.19,127594400
42.60,42.98,42.26,42.28,40.74,142510800
42.92,42.95,41.75,42.16,40.63,189126800
41.25,42.52,40.83,42.40,40.86,248104000
43.37,43.62,42.08,42.12,40.59,169126400
42.94,43.70,42.61,43.68,42.09,172393600
45.24,45.60,44.07,44.17,42.57,165377200
46.12,46.24,45.30,46.21,44.53,163210000
45.07,45.08,44.26,44.65,43.02,158126000
45.67,45.70,44.42,44.89,43.26,167080000
44.18,45.32,43.73,45.24,43.59,184250000
42.88,43.69,42.72,43.56,41.98,165549600
43.56,43.74,42.56,43.65,42.07,179994000
43.74,44.15,43.03,43.07,41.51,94496000
44.93,45.07,44.14,44.20,42.59,124496800
44.59,45.37,43.88,44.24,42.64,271300800
47.50,47.67,46.25,46.47,44.78,167701200
47.63,48.74,47.37,48.38,46.63,147713200
47.10,47.99,46.72,47.85,46.12,185915200
48.47,48.62,46.48,46.70,45.00,243204000
47.91,49.29,47.86,48.06,46.31,187531600
49.75,49.96,48.45,48.54,46.78,204542000
51.39,51.50,50.56,51.12,49.26,137463200
52.49,52.53,51.69,52.12,50.23,101450400
51.49,52.51,51.03,52.49,50.41,133697600
50.48,51.18,50.42,50.94,48.92,127531600
51.08,51.10,49.54,50.40,48.40,264654800
52.39,53.41,51.36,51.87,49.81,365314800
54.76,55.59,54.20,55.56,53.35,233292800
54.22,55.11,54.15,54.72,52.55,153435600
52.79,53.79,52.32,53.33,51.21,146640000
54.80,54.92,51.52,53.06,50.96,183742000
53.97,55.05,53.17,54.08,51.93,189033600
54.43,55.35,54.19,54.95,52.77,119423200
55.65,56.06,53.63,53.77,51.64,163702000
53.96,55.81,53.67,55.68,53.47,155071200
54.95,55.84,54.74,55.16,52.98,115168400
54.51,55.31,54.36,54.83,52.65,132314800
54.47,54.94,53.25,54.01,51.86,130325200
55.58,55.66,54.83,55.30,53.11,91541600
54.73,55.75,54.19,55.54,53.34,116736000
55.29,55.46,54.32,54.34,52.19,123164000
55.11,55.72,54.21,55.53,53.33,161351600
53.63,54.88,53.08,53.61,51.49,212497600
56.37,56.59,54.01,54.09,51.95,167962400
55.91,56.82,55.56,56.72,54.47,107564000
55.55,56.20,55.05,55.94,53.72,118655600
56.99,57.10,55.15,56.07,53.85,134322000
57.70,58.09,56.68,57.00,54.74,128168000
57.51,58.37,57.45,58.02,55.72,114619200
56.81,57.50,56.66,57.32,55.05,99152800
56.99,57.36,56.59,56.81,54.56,94403200
56.20,56.46,56.01,56.44,54.20,91717600
55.96,56.61,55.88,56.24,54.01,120724800
55.25,55.94,54.94,55.11,52.92,95938800
54.94,55.71,54.92,55.55,53.35,98217600
54.21,55.31,54.16,55.20,53.01,110773600
55.20,55.34,54.32,54.42,52.26,384986800
55.06,55.57,54.79,55.01,52.83,106435200
54.63,54.90,53.83,54.59,52.43,108495200
54.45,55.46,54.28,54.56,52.40,126286800
55.54,55.74,54.32,54.47,52.31,148780400
56.44,56.71,55.63,55.96,53.74,127997200
55.88,57.09,55.64,56.60,54.36,166825600
56.24,56.25,54.96,55.27,53.08,197114800
54.50,56.08,54.14,55.96,53.74,142996000
55.24,55.46,54.12,54.58,52.42,158066000
55.46,56.34,55.18,55.33,53.13,150479200
56.56,56.84,55.33,55.78,53.56,137160000
57.25,57.42,56.28,56.72,54.47,133332000
57.10,57.29,56.66,57.09,54.83,109560400
56.63,57.22,56.50,56.91,54.65,173360400
55.81,57.06,55.60,56.26,54.03,195175200
55.04,55.87,54.85,55.74,53.53,109019200
54.75,55.13,54.73,54.92,52.75,91107200
54.29,54.69,54.08,54.49,52.32,82100400
54.15,54.22,53.78,54.04,51.90,73905600
53.66,54.26,53.65,53.87,51.74,75532800
53.53,54.09,53.46,53.76,51.63,76072400
54.20,54.30,53.51,53.76,51.63,104639200
54.53,54.79,53.78,53.87,51.73,121150800
53.36,54.49,53.29,54.40,52.24,141708000
52.94,53.45,52.87,53.33,51.22,114001600
52.31,52.69,52.08,52.56,50.48,115230400
52.54,52.64,52.06,52.44,50.36,82992000
52.33,52.74,51.92,52.22,50.15,103563600
51.84,52.28,51.67,51.88,49.83,98444800
52.38,52.45,51.80,52.22,49.97,93970400
51.51,51.95,51.13,51.81,49.58,90102000
52.33,52.38,51.69,51.78,49.55,102349600
52.00,52.31,51.77,52.27,50.02,101701600
51.76,52.19,51.37,52.00,49.76,133789600
50.15,52.10,50.09,51.85,49.62,249616000
49.78,50.44,49.33,50.38,48.21,271742800
47.58,48.04,47.33,47.57,45.53,157492000
47.97,48.05,47.27,47.48,45.44,84118000
48.75,48.80,47.53,47.74,45.69,96096000
48.65,48.99,48.40,48.55,46.46,76304000
48.26,48.71,48.11,48.71,46.61,66839600
48.11,48.42,48.01,48.25,46.18,74791600
47.67,47.99,47.39,47.90,45.84,63957600
47.95,48.11,47.54,47.86,45.80,82704800
47.42,48.14,47.42,47.97,45.91,81147200
47.95,47.95,47.48,47.60,45.55,65573600
47.44,47.97,47.30,47.86,45.80,62138000
47.88,48.16,47.61,47.73,45.68,60172400
47.77,47.96,47.72,47.83,45.78,50055600
47.38,47.85,47.33,47.76,45.70,72164400
47.13,47.45,46.90,46.97,44.95,75326000
47.68,47.82,47.54,47.59,45.54,63756400
47.38,47.67,47.33,47.65,45.60,79026400
46.36,47.11,46.30,46.99,44.97,69940800
46.31,46.60,46.07,46.35,44.36,66416800
46.95,46.99,45.88,45.98,44.00,55819200
45.96,46.83,45.86,46.79,44.78,70925200
46.57,46.80,45.73,46.28,44.29,90950800
46.03,46.55,45.95,46.38,44.38,69460800
46.31,46.82,46.01,46.04,44.06,101141200
45.75,46.63,45.63,46.11,44.12,98276800
45.85,46.23,45.18,45.54,43.58,126652400
46.53,46.54,46.17,46.23,44.24,108801600
46.81,47.09,46.24,46.37,44.37,102847600
46.59,46.80,46.43,46.63,44.62,82514800
46.29,46.58,45.86,46.42,44.43,134314000
46.97,47.31,46.80,47.19,45.16,73939600
47.51,47.54,47.06,47.21,45.18,246876800
47.89,47.89,47.56,47.70,45.65,86440400
48.11,48.22,47.61,47.67,45.62,86553600
47.85,48.15,47.79,48.07,46.00,67644400
47.84,47.99,47.55,47.81,45.75,73234000
47.79,48.00,47.44,47.92,45.86,106627200
48.54,48.55,48.08,48.37,46.29,85388800
48.41,48.52,47.98,48.49,46.41,83734400
48.27,48.49,48.09,48.33,46.25,86264000
47.91,48.36,47.84,47.96,45.90,105064800
47.00,47.56,46.94,47.56,45.51,93770000
46.81,47.06,46.54,46.72,44.71,109931200
46.93,47.00,46.70,46.88,44.86,74762000
46.90,47.19,46.72,46.97,44.95,90056400
47.06,47.41,46.91,47.15,45.12,69844000
47.19,47.21,46.55,47.04,45.01,92936000
46.59,47.13,46.44,47.09,45.06,80233600
47.10,47.22,46.70,46.79,44.78,60962800
47.00,47.32,46.73,46.91,44.89,73603200
46.80,46.95,46.53,46.58,44.57,73190800
47.00,47.23,46.59,46.75,44.74,69176000
46.52,47.12,46.50,47.04,45.02,76732400
46.70,46.77,46.28,46.61,44.61,94780800
47.25,47.38,46.97,47.04,45.01,83115200
47.37,47.51,46.86,47.15,45.12,104848800
46.94,47.59,46.91,47.51,45.29,111957200
46.64,46.85,46.31,46.84,44.65,92844800
46.25,46.56,45.92,46.51,44.34,113611200
46.29,46.92,46.19,46.29,44.13,169805600
44.56,46.06,44.54,45.96,43.81,224805200
43.97,44.38,43.61,44.22,42.16,136272800
43.81,44.44,43.45,44.14,42.08,266157600
41.60,42.30,41.32,42.28,40.30,214277600
40.53,41.81,40.46,41.31,39.39,169709600
